x0,x1,x2,y
8.312251953314231,7.284628155912305,7.217413827018978,-4.689069850238511
8.49672476196316,7.356706451074626,7.227087209025177,5.4082878326251
2.9752117827568436,5.256185676138332,6.023905597266494,-9.269414017566103
6.491209180418352,6.235353853814093,7.226909314866072,-11.403342093222125
6.858816087946912,6.831375498252028,7.209460077759219,11.533467350131378
6.988439674007989,7.653548830862186,7.506126414322127,-13.021736099824466
8.206479816199531,6.718444847707355,7.234378634130904,9.818932197600857
7.92394526904013,7.549660858907001,7.20465100796174,2.706964877018206
7.411952222307376,6.2526133180004955,7.2129405281584225,5.7583673181353445
3.048381957843692,5.237595859517272,6.113175129649057,-10.28854642068011
7.552476798352351,8.044530926112609,7.21979289357103,6.7784657317237205
7.191380698843242,6.638887001676832,7.2152222941833255,13.013588172642384
7.247008016051416,7.186146503482794,7.207486132431365,-2.0389524156587875
6.544473923160509,6.3270379716981235,7.221526604904204,-4.341468964464243
6.975415995858911,7.761437870732846,7.093300815077281,-0.7667638335469462
7.03721308453767,7.933885333079561,6.71609493356941,-6.578908838436131
3.0361336026544707,6.512134309163668,5.892726182743404,-9.961947225123735
7.121879262931889,7.861062605002283,7.283380865350236,-9.81250860223647
7.12768284121533,7.835738662444552,6.384526269904612,10.246242546688602
6.967225060362255,7.72303151895941,8.14062443102083,-6.316394513103295
3.258907039533756,4.504119848660857,6.174718874279376,-8.069298491990644
7.14101521509983,7.843439853233907,7.216388326732643,-26.4366289021415
6.709874241771806,4.6151297051355655,7.2211735302909625,10.71181274476108
7.279210368441786,5.545593756909394,7.2361376364386185,12.035280289059772
6.917484252393026,6.0040901068482775,7.241180657737374,7.108400715397606
6.9457943630801715,7.742437204486812,7.030039602754645,16.614045826909816
8.071966708896985,7.948109958929279,7.222260651041062,3.257561288657301
7.076891675369751,7.857640038113756,6.5252629486901785,0.4005706570900047
8.025304691534746,6.8269751031932975,7.235284338198045,5.9382486482674235
7.438087409266298,6.531629253637096,7.2146293452573325,-5.3101360678000615
8.125123929570076,6.675007303341703,7.212166124686579,16.436002283479542
7.22400916898647,6.786503342318587,7.2240661719277846,0.18858804837719956
7.575117944546068,6.092941295370121,7.2215921360515,-4.442411896686757
6.5237851023771025,7.558303685227458,7.2220014670366615,4.948024398560635
8.649215859504737,7.191080160794661,7.226261598252674,-6.643652858020018
5.523256426830109,7.261156300899782,7.228641021985755,-6.452200371675927
7.554902233930679,8.180789633110345,7.236527497667302,-1.455199048502135
7.583758051582429,7.927250235493822,7.198510369606723,-4.527132316793797
8.358092610188697,7.676649792378256,7.205532281021043,-2.916093335056732
8.076358776894885,7.447167391125611,7.213231793259591,16.78273610681307
7.873149485392872,7.691327476120594,7.21421003524635,-6.9172191863562755
7.518217031451958,6.254062859683194,7.227741151691056,-0.9425059486205476
2.923376572117338,5.348534902178962,6.049398890762184,4.6590374472639695
7.11603870836878,7.767570803409483,6.4435460460208756,5.796276945833428
8.380266628335313,8.169868382167316,7.2353284712584465,5.785294098695978
8.45887622893537,7.321224135694833,7.235362089574023,-10.490068633807635
7.318277904167454,7.24365439534164,7.2264291451580736,9.212627801882157
6.967131901264955,8.210767765922279,7.220690163875058,1.2590876562675704
7.063499137344338,7.785060430240045,7.308319510450372,8.203934933772112
7.634724366614328,6.401300098836635,7.23257758186594,1.2153045439422003
8.295394633750776,7.075188444139572,7.235360425821648,9.841445888348165
7.0136244885578956,7.923185509758283,6.514849627157469,-6.303603658620688
7.669525838585417,8.220128526855861,7.231341435890253,1.5795364764626956
6.365560104553317,6.117676954306157,7.210751246399413,2.928642319105289
5.87707567528375,6.814896476156759,7.21289021547558,-5.456211558315061
6.916969357213916,7.67628761899977,7.19822885883289,-6.072792006954493
7.145333734483104,7.734618274294796,6.145012590464377,-11.747860297920562
7.107440579460161,7.629050838379849,7.357227035964321,7.730870316565313
8.21808363422895,8.113852909589454,7.21141519780538,-2.3651139076718795
8.60800649750055,6.92455078126759,7.215166656828634,-7.119027256646295
8.238407448718581,6.815496403671512,7.1995535738174326,1.7535784444957403
7.055814835614667,7.913110764660286,7.034386865934588,0.8660693646339808
7.090558088386928,7.875286231620854,7.209320263278777,7.468275593255219
7.197567630861204,7.711405493784629,7.131452698755419,6.2786555490040294
7.786797021860304,7.082694979711842,7.229715933908312,11.197264338334207
6.964709436075645,7.7788115533802795,7.016205690341258,-3.670008871366975
7.025307102054994,5.275148499755914,7.203449792978007,-5.405867575733736
8.089749841758342,7.819730869663161,7.234213722951177,-7.895319817602095
7.82337107254797,6.594782647635284,7.21281767824266,-7.303918291579771
7.056616956597166,7.7833954488022785,6.503615031518471,6.29400392632625
7.2911961030903925,8.172349648640333,7.216023474857689,24.044847576563036
7.3905079663864806,7.707158102008036,7.219833741106768,10.391777874599674
7.837110661334765,7.658646943636835,7.2019392198312495,5.451822666509362
3.3635945644235266,6.284986177600777,5.758342437256204,6.5118291139509745
6.991149432577164,7.63843653396239,8.010426188853907,10.521169934575148
6.876739322428117,7.7549109316726765,7.728405103705667,0.5183363485223391
7.048956898766018,7.839233566863869,7.058517135700782,-1.426308144937154
3.760730298113044,5.626404058415342,5.700396930423267,5.419076680331241
8.353103767331989,6.527131667898226,7.230344121532296,-8.399880696466717
7.007739432862699,7.754381878007652,6.7052063766020975,-0.6392354100447162
7.497482041020211,6.32351928809816,7.226564245522448,9.846447390332413
8.604761867551499,7.550399407793888,7.209526980464847,-12.833082692688196
7.440916332086015,7.80770288676429,7.211930450920503,7.827386081337613
7.219873011789375,7.768920943878865,6.982011103427432,11.941364058290723
7.07156613404176,7.730858246141153,7.361233030745789,5.777198077609315
7.94345469036062,7.624945695008595,7.2247126011413805,-6.8578750056448605
6.868236999017022,7.805518080145867,7.233463110318723,14.182126281497233
7.264898410853967,6.705451554574589,7.213823519393211,17.295530164934114
7.751300333567026,5.9487218297978846,7.237677071115685,-10.346816604514169
3.242884974625084,6.692795993909335,5.673253944353527,6.521493548286519
6.016497020831644,6.130944771352799,7.234269603680736,4.870782440141307
7.810445785488063,7.606086977627533,7.194019478726378,0.8993339224453168
7.1094903922269514,7.674369201244254,7.150668537502665,4.758089709542718
7.470240837016062,8.265986386123082,7.210613421881813,9.960537049897523
8.604577076136783,6.743212908760488,7.2218065806197265,-4.427545368856981
8.680687472320527,6.686344029028978,7.213756918915079,9.647071349116505
7.0191295905352975,5.687684859156829,7.220684992799348,1.5271879343541443
6.876651363615453,7.961622085739045,7.214127593687206,-2.7343799526665205
7.107774334827486,7.940553307739276,6.825525738070718,5.461685366555962
8.553216442648493,7.673976239363119,7.226330824385637,5.909433689489808
7.227634221776967,6.174994209320028,7.230248094153607,-6.036420243159152
7.732827109084447,6.571444279836038,7.211969374119294,10.843541929745225
7.139722975769912,7.79653763244143,6.6876369375828615,9.196467375233137
7.319860965472116,7.757564798698428,6.769293678774095,-9.66445377956116
3.129970913488489,4.80881434500188,6.591515926802936,6.238454172611048
3.5093621250371214,5.245311304923392,5.527398998285546,6.140252900160965
7.775090158062193,8.120811209293585,7.214978180480094,-9.229870276946738
7.584961316387088,5.786396763420974,7.223440285896156,-0.36888179963991946
7.279382878269557,8.15661400763478,7.213486629132075,-9.460708012651788
7.3485695715012325,5.891915467843626,7.21359781226601,9.530574785062154
6.938784143495409,6.25770352768566,7.218785601698457,-2.3306607494995877
7.253760097220973,7.735495123203754,6.78408637264188,-3.381461268586401
6.384285025619973,6.470094139687616,7.220612622707067,8.011406147256043
8.581500058201282,7.02271019357745,7.223730083347667,4.402202949389837
8.602761279532942,6.9407622132686395,7.221845542338724,-5.839621598609877
6.958903509811497,7.752453486944647,7.122376120762079,-9.637049482249061
7.886234367094918,6.589503015912318,7.227487685791656,-8.77604255357625
7.578955433357806,7.44966527407851,7.226037868063269,-1.7105361240070445
7.237888502767297,6.14165275489461,7.214371758120994,-10.796408200056762
7.110866635811919,7.831591582078074,6.8344633235251635,-10.730315616248928
7.43569994147785,6.315866948677609,7.217247909493331,-14.524704230516756
7.39328911615101,6.831807957845086,7.2004965492547965,2.0311319749412977
7.447148296682357,6.5573380570879785,7.226154185281375,6.19694020257774
7.3212332174171575,6.450350202406077,7.2132657676739225,1.3427476648120633
7.488394501178004,8.13305827432471,7.2115630914053765,6.0548585816438605
7.764911956613618,8.058492736661908,7.231853869620726,10.110563160430257
7.1268693283404065,7.723333985039117,7.477000549660967,6.113350508487962
7.511690825399618,7.4996088614369265,7.213571622178437,0.817356590498873
6.796479338219218,7.404804792205669,7.226372643131833,-6.34963420259908
7.155595217526918,7.894765076024805,6.763006453795255,-18.561273010329522
7.111070647570825,8.052701410992338,7.226730656634268,-7.84848477151993
8.517340970251825,7.52643058270221,7.217224081725053,3.6738496786564543
7.034393473513961,7.907388859364499,6.4456872188827266,12.994654856959958
6.914554332780425,6.365213589020133,7.217629409096623,6.227078415571614
8.069876622590003,7.877381922894774,7.235765376029227,-7.440156318428645
7.433841388624199,7.529093065289932,7.22304286622718,18.079491526012234
8.226332278280278,6.5927779067696335,7.229783695682751,-0.20639235560777736
6.547973630022793,7.2518058921529525,7.232068545777866,4.404015644185447
7.4169389768404015,6.9895292235344,7.212475191235184,4.811700087436632
6.781301229559514,6.78755161572044,7.218603790944231,8.258339107220921
8.033252197287883,6.682247542042765,7.222844620953765,-0.9181781515630714
7.4139865911404765,5.8550336572274135,7.2075323096932715,-4.3230454364564865
6.9128024065129505,7.711057469426304,7.823863822971206,-0.12491778778816531
7.073538265820853,7.804799509105141,6.9883843863881445,-5.838557135072814
8.411433116708945,7.387421212866257,7.2152342304761605,-2.783066287252978
8.204902326346037,6.806789762362093,7.2255007701082,11.757053408420616
6.940819630263625,7.508537217638851,7.223861756636625,-8.293520519761366
7.065927921555894,7.548247607444416,8.483582406199742,6.467774118420926
7.048454936559442,7.878331181463851,7.85883759378477,1.8322247715770503
7.655458953466562,7.556086237760031,7.220505112026955,-4.099247389903345
6.961117824453072,7.989543720480291,7.190740088432729,-1.5644140547660172
3.0759839803057405,3.8389854710258264,6.709964241836913,-4.262067426203245
7.0017656672547215,7.765176991793754,7.486613089784322,6.130780570778326
3.1644799156153987,5.414488017832305,5.751231213662541,-11.759088330079985
7.6742269412534805,7.952008108746038,7.229147240395181,9.492106952713863
5.850697087241073,7.737497191528838,7.232542215827523,16.63026046426132
5.624492722605385,5.759874271977097,7.228318024470999,7.69004050835191
8.139456847472227,8.105026608786241,7.209674351160745,0.12843845911292912
7.0998252830058055,7.800715681363014,7.65230050066286,12.559954139410804
8.140615741752299,6.466005767771403,7.213178680937274,-2.3461538519388565
3.0868142775673735,5.669864936579725,6.350356667099877,-1.5138724553419078
6.978890898245863,6.792464431773156,7.203965292953601,3.7949309850630133
7.088389255025003,7.874424858082933,7.22832247838932,-2.0840172538353814
6.857355167508071,7.759731023079038,7.293761753943632,4.287945784339428
6.132273208526739,6.247879292639062,7.215783333591911,-7.416914358180661
3.17732214187184,6.014410052508652,6.476713823072878,-6.94678545382074
8.653782548972282,6.938409949302923,7.2076817166419795,-12.329311833769939
3.1301271122450465,5.048906108646112,6.022134458222161,5.057416379214056
7.043809020667293,7.686401439997769,6.635658386255335,8.231801912558009
8.660172383502717,6.756239907456646,7.22288550394107,-3.202874259573263
8.195697443466607,6.54190887839033,7.225899149077992,-5.628998383919159
7.702478628796298,7.943058175623681,7.227527508743536,3.334872003376269
6.967060705180954,7.7962404447352345,6.626460014434634,14.25710055251021
7.055595961314357,7.750799812468801,7.553389743133876,-1.0481557075182053
8.27892383330133,7.601360094734268,7.2229428574061325,-11.098284921447062
7.656107407919113,8.18898966989883,7.214432713043953,-4.780720403358841
5.648289368349022,7.016609452641312,7.202259440215626,-7.955686949877741
7.02428516492725,7.693316321110766,8.399960852148833,-19.41734677974105
8.01701929595102,7.679443669445056,7.222840575654739,11.201783904726698
6.750916322074117,8.354947577312753,7.201423556664667,0.7782737589157
7.118475852902138,5.2722126590654455,7.218777030202154,1.2757686450341033
7.954290336904196,6.4772869905432096,7.226635826647484,-2.5934635823030145
8.319087457453337,7.197873985562251,7.216269756518871,-0.23704930554335657
6.621629745333435,6.282143818075949,7.2184630746726715,-1.3650647952802641
7.3122565042535115,8.137980715867483,7.2271372048164695,3.1935040531245393
7.97376311083892,7.815486378800341,7.215561479293112,6.415002190619496
8.167612878657941,7.464180333806862,7.236276350252122,0.23859123525298054
7.049335096628404,7.863066442817449,7.56753329970291,-0.49571905658315085
7.109218160551885,6.117740271777028,7.211753071828189,11.65311522598325
7.078120185623958,7.907576019649743,7.233455186272116,13.96284459174278
7.117982975557617,7.896230505295918,6.50158491631541,12.289312495802807
8.691722256680146,7.020596960646165,7.215632336118649,9.295865280364653
7.474283692056243,8.079157903584187,7.246228076758769,-1.378228322838928
8.068869585550724,6.917993596563442,7.214183362356038,12.634908009981984
7.193954599628194,6.410983920180932,7.220183441869178,-14.180710671856843
2.558177224319077,5.349153887642286,6.307883901695493,-4.3472517261948
7.557844125676566,6.995923072457074,7.218897721656454,4.903327149575404
6.489938787283254,5.226560525646961,7.23886287265354,-0.8822385605576559
6.584091730119661,7.5113919467202495,7.198510511278312,2.421438602458382
2.5763673431591725,4.931789469286163,6.4594406728072125,-1.5095031078261973
6.4654295444445165,7.697855060498581,7.216613097023578,-0.49867709605420973
7.0845831932737235,7.970264393917791,6.9515322301992875,-5.898118651795413
8.20847608998757,8.186895918434598,7.223249077267322,-7.319141602757072
6.700202753202913,4.9265091517966075,7.214338810598849,9.370422916707206
6.808763065094252,6.922870684240703,7.224445312578669,-3.1799010099232587
6.964641884612964,8.193591667676824,7.207245550198407,2.8175101659812953
6.7411568688707195,6.863837156943899,7.220803258446707,-2.5139990298516928
7.784201915148663,7.809532819379197,7.222636175530238,-15.360972412713986
7.466970816639866,6.435805596218007,7.222702507867896,-0.08274816795054751
6.902919347592683,7.763894811802759,7.851233472912258,0.7738648976675511
8.132739912051402,7.221678717519724,7.219181866934064,6.43482166757034
7.630514609302325,8.218792960427093,7.2059099953848875,6.307884880123987
6.99519168644235,7.704489475907894,6.990578019946526,8.768896521426685
8.176362952746222,8.091383644887586,7.215283869907564,-4.463871373033914
6.991898068304547,7.799271558919307,7.558582529378573,1.325170210410668
6.994880323922821,7.86055380445665,6.6681986716853965,-2.3365641264832986
8.567759735049666,6.5899473070066605,7.226219674217322,-7.764338238210243
7.170880775618602,7.614470498056241,6.61863054953094,7.850580568595266
7.216059369212825,7.765523567659317,7.210913661107571,9.965145552225282
6.972984040431689,7.739262963328434,6.4254179648549865,-3.029971887332123
8.411107166979079,8.150435611451393,7.222524584945671,2.251348876601883
7.204289840233532,6.433086369244027,7.205618633834491,5.326783586917742
8.191719769571455,7.70179795009876,7.217871265220867,6.2082128521677955
8.334660347437364,7.0040711776638,7.206505677485532,-6.894385527570683
6.855957235484922,8.034695411755983,7.211095420363506,0.9160400554377146
2.8917429881033607,5.109885162157226,6.614737312811282,-12.48133308670277
6.427246573401186,8.326974778351175,7.209371577706349,1.1030654721796211
7.519593690884402,5.821138546854317,7.216300040006808,7.362575210731042
8.039715672144666,7.294695619663639,7.2214492304493945,1.3673056764360305
8.107301356546335,6.448750147548181,7.21871966142239,-0.9810128972433291
6.531283833437637,4.823271216987024,7.220547733187193,8.213469868241889
6.918399211735193,7.852024991362006,7.233723225436667,-2.46174198558246
7.535454012637558,6.6738579215518845,7.20516443756843,2.087604651334414
8.372290903746814,8.167990765375249,7.21259044582831,8.545331764508964
6.733754575386831,6.9757080895041454,7.209472477599322,-9.466975466735054
7.896435646959415,7.475153175042501,7.207263878078125,9.0752065822751
6.48652054456282,5.293342649757662,7.227169584908861,12.978313224999633
7.896260634615459,7.6278817269303785,7.230060997538296,-5.028497190915302
7.8403406341958135,7.625893294959992,7.214042233204354,-5.58783843153983
7.0429155997570385,7.609623244512315,7.174109023092285,-0.9845825429228618
7.199083481301357,7.494573657210294,7.025354371559469,-0.0252150800708546
8.206157050406912,6.40743349019203,7.239550791319823,6.921537471810371
3.276807905207794,4.983177804609085,6.579832044912658,-1.8632583915632586
7.350571795277416,7.626556345070426,7.957725672715406,3.3098977988249016
7.946560726963727,5.930726108430431,7.229770186499323,-10.15615760764346
8.025080479672072,6.24273800122116,7.231675871624587,13.201601619314975
7.035797962834747,7.711624151662826,8.473778438807576,6.536885147934214
8.367568282216723,7.814897096845837,7.222687221529836,-11.4440266024669
5.989388362406967,8.00078170752995,7.2150040878687935,12.168390152408517
7.0330243159636465,7.843487855741892,6.348610021897559,-5.140134922516759
6.967466311344267,7.787092272691715,7.249728003044641,11.37781800025921
6.751362754229573,7.713183675055697,7.203989561286067,-4.078340555793696
7.431587381853145,7.7461483513836145,7.218538792552391,2.6813808969932973
8.13125029484902,7.639051151331483,7.222185203724289,7.012278518664598
8.200189726409734,7.771378782198757,7.220793291161656,-5.360303303253912
6.99682257983238,7.743701055535442,8.137225282555887,-5.244107254053178
6.9745172711929815,7.811326485217965,6.5515729835031795,5.955663943242069
2.6592497114103004,4.830013302390302,6.099853375338578,-0.2179009564677985
7.490338343671046,5.487614505008197,7.2248777643954885,-11.293669589073282
6.976477535995657,7.747573831215359,7.789916953384249,-5.957952781387073
8.441933482349468,6.966137602003575,7.218717495727593,-0.6770349361170301
6.940214071069289,8.017459559823257,7.079235145331543,23.563185993483145
7.495040291214573,8.287488664038937,7.210661037637104,8.863447185429525
7.807258563206747,6.369183753108146,7.222376636569615,3.11237710107407
7.4033555878232296,8.029347029784317,7.220132375293759,6.980499369603553
7.504269043091243,6.8446053233660855,7.221223429423083,13.16974639989261
7.124530899811542,7.621085223805466,6.771545816520569,-1.8379319179891516
7.033337759216828,7.655265242986859,7.35266799114935,11.676904565461822
7.9202312719705095,6.588014405174105,7.215713744519347,5.924120096770838
3.4220201315678347,3.650797709718697,6.247765352230756,1.617544886936888
8.169160051688534,7.929522092136216,7.198053465359449,4.376084167479129
7.155129202834302,7.823234409373627,6.457513151377911,-1.9533395321387497
8.242643563760405,8.201722080647242,7.211667787649143,-1.6611220929505537
6.795547574555884,7.739903323337022,7.218647066287864,4.852347821519558
7.5260732777169475,6.898317299878064,7.205454450170419,5.278177844329978
6.90424861907246,7.768194108669169,7.863370326841316,-4.209043294964673
6.803689229577476,7.089988886873728,7.2160181277015045,-0.34776103819894333
7.721951648289526,6.776266839690387,7.225160619673112,3.8107433635031276
7.7422095405101095,6.226032019079025,7.2058977972007,11.596583925147954
7.044402651022987,7.326033412363906,7.2183330677199455,13.76776108729086
7.167656488583872,7.767471168578328,7.380341374822718,5.641369059936425
7.14456843043427,7.865829687369794,7.9532112959317045,-2.0316749011670248
6.802385756109225,5.799175004788908,7.230774328916516,-9.387065852990597
7.085142643195451,7.901679419023357,6.355303323567148,2.5050152554425567
7.0042243724134865,7.9732636379937025,7.210775476834023,-2.444699329421227
7.149019928104068,7.806089668723604,6.961228725578906,-1.8635853881352964
6.775065233757011,6.198946361798502,7.240423010044476,7.432221108647329
7.608903219248863,8.12175737726426,7.23955824435309,-5.269872589813773
7.068518583450283,7.539659506811509,7.671478086216946,20.779996457142648
7.184360815768836,7.705916314867951,6.819760365249467,11.910837927948384
8.012110781479384,6.452057319467366,7.2241503240932206,8.486759853977098
8.375024697797468,8.181896986214559,7.22353659108506,9.408066710416549
7.670060655930296,7.52561866499199,7.216346436611217,2.151289258528684
6.6155882127415495,8.26202702346011,7.224147362708458,4.590700167740319
6.9737058032358075,7.792211234770832,7.9335505728004545,-0.14719907433371882
7.038449440582605,7.951852654360109,6.56231638206649,-11.412437100680226
7.003679922716727,7.9307244717805325,6.553063974119718,5.554894671389947
7.354441807934115,8.234959420285097,7.2117918817967,-10.44107494251279
6.153596083241506,6.443799957319166,7.231406755653908,-4.913988982480251
8.224544019540115,8.099839365388863,7.204631493137706,7.860249606270189
7.139705770553384,7.677027306301173,6.76215172122221,-7.462429662477939
7.051464850487297,7.982119790578246,6.823584596955164,-12.282013423318329
7.91748891637023,7.7671947156102465,7.234645146136223,0.7278073297290258
6.89966764035417,5.866245413424231,7.237289403887805,-1.5028422151693621
7.393287463477142,6.347154290119654,7.215333618076488,4.008387604605833
6.371980645325182,7.8729567166957946,7.218441620096237,5.553489339017764
7.176300707318135,7.791651670647898,7.659347019919501,11.388900837454212
7.094495655484914,7.702207145319381,6.474295895069157,15.220375229035557
8.476031502563595,6.648625877484061,7.2183568183682425,0.5229981765930836
7.059686735422391,7.767564361899464,7.74143291506584,6.914290170472446
7.183454136873986,7.853508363574369,7.201760026410234,-5.230953982408113
7.003608225191889,7.831453853779256,6.739803574080629,6.8368978907470135
7.538650266819199,8.10091503500173,7.222589851610955,-2.5414804957442874
7.723289712855343,7.905192960244021,7.220384937631203,-14.238067482454037
6.98934057832391,7.737332832020417,8.163636324308829,2.8245390117129343
7.929081135099497,7.982597085276705,7.2240508493293785,-4.778208580975225
8.755751503628439,6.904573515797464,7.229644519639905,-1.3254341895812483
7.0104355703002,7.612241453122378,8.405890181572078,-6.20328537307479
7.662134645601461,7.760728205115698,7.2096956691542475,0.95940647833608
7.129897181649301,7.767078986854081,7.653392604863415,2.0069882273723723
3.25707830289337,4.786255841266791,6.141222624349942,-1.4612683408685918
8.328094502346524,7.514141204230109,7.231309390297092,4.195134621742983
3.913691007446146,4.937326232498829,5.532938371444855,5.801963751779873
7.9766404152427155,6.873899210386133,7.219427752887404,8.934835258078891
7.054527496589063,7.782166498872954,8.318580295408157,1.9485330782365056
7.913068159475037,7.020722061984404,7.212138828563548,1.3920011254113824
7.0619887760758155,7.919356819522916,6.566098875206195,-0.8504727076050083
6.984192806266348,7.861697136331815,7.400065282247065,-3.276756996363962
7.945056056684094,7.825780955274544,7.215094340630051,1.7795718926274222
7.9515089407726895,6.120203602311256,7.222884630040511,-7.266580037664678
7.11552232574313,7.827509860312344,6.423204925762715,5.252526348236135
7.1423996760002435,7.908456623355694,7.51198377371518,4.031055224083259
7.099992707213173,7.796866273623229,6.6677111378318905,17.622838563808585
5.143765521245584,6.256764859023503,7.202672683147048,-1.8521964576399486
6.312936375014172,7.375886293488986,7.226145175942058,-12.01462822531061
5.901511109360241,6.862914485962122,7.217449068643726,10.676483799562765
7.569873906928068,5.859261425651247,7.218305649803735,6.189775463243404
8.367659248912457,6.717347608476787,7.2186930658929285,-3.182066738069743
7.8174426161612605,7.836636832307798,7.216591950729836,5.079845038226037
7.08283694494614,6.861394738231867,7.231308238264968,5.713473584297412
8.01024242432722,7.36039966973472,7.222694804485542,2.9670408482776436
2.948061454915032,5.842042803854923,5.786625380127054,13.23459411815881
8.102208987658186,7.727611769312358,7.21178004442293,-3.5990026243161517
7.0323332905587765,7.760774834928525,8.127011641139617,9.102724018556538
3.212657452033938,6.2005229614208295,5.696570630877602,-8.304039916244104
7.365970701627376,6.857578887355238,7.205241666830363,-4.791547501117361
7.001808455397708,7.816776182514731,6.692917625666031,-13.10287701151346
7.033293492827854,7.739472024490726,7.8877518600407655,-1.6215120422513318
7.799852283269795,7.527029526581747,7.221724362660841,-2.5857133847955103
6.967447378723156,7.821794122835678,7.2376805569964855,7.513673849348149
7.644450002121413,6.0388739178516655,7.218556216083812,7.796743341364446
7.970334285893277,7.9301326759299595,7.22379483793673,9.131269034616698
6.1836104112818475,5.767288446043181,7.2197524521178105,1.6518732857208627
6.504836188309879,7.364223938385948,7.216167306579492,2.1368641592798148
7.065689247853356,7.761003984332449,6.961685271326361,-0.712614904215993
7.084855040555656,6.119563213398918,7.215783911412086,-7.288355598332734
6.649407929123257,6.992885193390461,7.22711465608128,3.325231509793752
6.213594793671456,5.928592038478254,7.229171168416414,-1.973109831998951
7.280299525084591,7.729135672362041,7.273905570374112,-1.5065730737058796
8.58700420727446,7.336222820177103,7.224258664670311,-13.611737154919846
7.354130185756219,7.952382172442505,7.203388865818257,11.419678594657295
7.008589425262172,7.84034916389397,6.912900032397773,2.1407891469640785
7.009902452496675,4.901559258825462,7.211133926663045,9.49489239751573
7.070760474639864,7.886522010505205,6.774177201125837,-2.138160905865431
6.587955936209949,6.293392844904335,7.226671151736504,9.055055582185915
7.486015763632381,6.854045683498199,7.2240362962450435,9.584206730926184
6.98829037203525,7.630975411483934,7.207216088974576,-5.316704134792752
8.226331569774509,6.812449478467638,7.22604034901578,-11.177193837151933
8.192512670998463,8.060688408930018,7.212097027305212,-5.329486269181024
7.360662431165815,7.604436076588853,7.2177432855371135,7.85134784576026
6.882079934580889,7.918115435926246,6.398106112369196,15.753347049890351
6.620617556768481,7.121605378828242,7.215144738842481,19.140496241893693
7.078262718078998,7.80285877471243,7.368825208267416,2.005784685414014
7.388696926067004,7.671791966578955,7.2259458226312105,-9.959202618815533
7.038659862479398,8.132795112908443,7.215061818599912,-5.134789555848453
8.065051648584037,6.366482152575919,7.224971831728509,-5.998387907547805
7.0349768856633865,7.683043098190012,7.997481836975137,10.18364610739237
7.548676765021477,6.732198950561866,7.214250410649271,1.4981694306636877
6.115295642615981,8.397554142545191,7.232528101361678,4.857919404816124
8.186292217435769,6.269014063201101,7.219211669341068,6.4874287519090075
7.076140859135088,7.829132726995176,7.22147705677717,-9.950424853380877
7.023963101263575,7.8989879838116215,6.566392052808346,-8.69765157337655
7.003006219375054,7.34818934907561,7.232586206221608,-3.326873514745575
7.06411905077093,7.6890446942878325,7.23541163582267,-0.2465298390940931
6.957976906968824,5.567330184003854,7.224387365177953,-4.216985307533218
6.987713070109902,7.53013285128092,7.854114957754492,-6.821672588907856
8.04531167929404,6.4139774027593575,7.226265731899987,-4.506125814504415
5.468641878403229,7.140121841789722,7.198217239746467,-15.17419668461178
8.217346360374947,7.671484390597416,7.225159611302102,8.270740981098323
7.150313181126843,8.176965459016621,6.91389978790329,10.88131178201279
5.9193868002219805,6.535866348529573,7.2164330044429335,-8.01964686583669
7.0224918733992325,7.650687208187277,7.4045985724371475,4.623216736416645
6.411980789145612,6.339504712491381,7.234103597637827,3.580981884591601
7.0040117274853015,7.510646667084075,7.267230510420511,5.521135994094833
7.7389519009041665,8.148888588656874,7.202914767576529,-2.442052898110596
7.0912380658454595,5.340319905610368,7.222048704499323,6.21168553989586
6.964520139348465,7.739842870138019,6.91210181471044,-11.136053624415592
6.5923332819992595,7.038115046256836,7.228163443951002,-1.7931614261482913
7.057714027484938,7.696326430223612,6.63895175685188,4.877305727911088
3.5942162025534943,6.07386457184654,5.770715507114591,2.0811001226838677
6.7474143051343205,7.627702061098652,7.208356923845508,-7.116258179149052
8.200596541971775,7.504784112454742,7.207454935292362,-10.024379232910917
8.544574477091988,7.27496441387285,7.221858273795862,10.733470344624473
5.657326326887203,7.113123693380655,7.212768869506171,19.25201218244868
6.94496659523375,7.920596054808753,7.153278639815231,9.08921385959338
6.091182413392312,7.185087500894639,7.22136916551752,1.849096065993601
7.029101085652706,7.759906809018858,7.52193995608247,12.183966809097404
2.993413097289734,5.343777115777661,6.253373234949277,2.7381311572771123
7.0711145407602665,5.746599281615582,7.2234081609016805,8.905991434894052
7.106832679465735,7.742360330331569,6.730658712188631,-6.284086035275047
6.485147428094201,5.727586665256721,7.217298868073478,9.040875275838228
7.054976316269257,7.832126198321868,7.295828644620054,-0.9459641195710056
8.213162770111497,7.675186418309199,7.200193660078986,6.242972604028621
7.069954555252563,7.983223390206279,6.518328513805634,-11.73916258207771
3.5913609122407086,5.2413392682453175,5.990308332239836,5.9007042317330685
7.5255498152302005,6.586313128157213,7.225357456605781,-15.14234514980755
6.998740684711297,7.770266931116271,7.08881735444833,9.48270902595614
7.079581157781988,7.859409919396006,6.643840907481868,2.319083485998282
7.115340059688551,7.840948036956221,6.550259976567621,-0.2989155974094424
6.932119567781401,7.819969268852919,7.434470863939309,5.3596355102568305
2.5177101581044092,4.737789075272115,6.336369249331553,-2.9564515999039793
7.620320345410754,7.840635027111389,7.205868994188024,3.9100147403445993
6.74417743506813,6.454991714334306,7.2085549439631516,0.6628167376002572
6.94957218560479,7.798297655475832,7.8709831876616745,-7.4360647255806445
7.155626838469613,7.637589050060373,7.404707910658145,23.81929091779963
7.4430960557727674,6.123368295537936,7.215567350915853,-6.4616052477691275
6.645572365692301,6.360803479298406,7.212573126437544,-3.537209081990307
7.1131597469440715,7.644492768901788,7.206170828333622,3.5727942562431396
7.129012263374956,7.661895242706393,7.063772610260753,3.9157524857118853
7.088931752167094,7.9025362088438005,7.228535040037274,7.106363760520977
8.346845878793205,7.92231542227353,7.2189290611141095,6.872849768961301
6.990587661554986,7.731534372360201,7.581236235972358,-3.761989940597921
7.191672851858381,7.2215047072838585,7.224451231212999,0.999729626717998
7.744040652878271,7.191306845530401,7.213385376169937,4.719242026367806
7.113741220816566,7.743019101644079,6.7870982605657835,2.812516156386489
7.2152674350683705,7.834863430882329,6.790495458504574,3.4354933595720984
8.411698981034988,7.685933993531897,7.227010948022593,2.052261867340068
7.210033735244953,5.794625323188429,7.210615860236848,13.38507974205887
6.981735661776808,7.713228561060583,6.231867649069246,-8.940826594298363
2.96133651616764,4.5018967594729755,6.614245321549538,-9.409305643939978
6.435259600049369,5.554665718188783,7.2213316432048815,9.254197287700876
6.246685362759124,6.724912592756584,7.205748784290504,12.479855037140297
6.654758706272454,7.696949444816438,7.218436157425078,12.471804729217848
6.459760138191715,7.682967519459598,7.208711808720882,17.939845561093563
7.428543122440155,7.10761552739402,7.230606493104888,11.441105636204238
7.1764358091571845,7.742045213723341,6.524510878366211,14.215410242974672
7.426657826174546,6.340673364773943,7.208048592479261,-8.698715538301968
7.058986050912613,7.842175083038831,6.4574391979720085,12.424614590450684
7.871874242378859,7.388812603458183,7.242538681454739,12.068946583385605
6.651816929754851,7.931723305625158,7.193130962936242,-4.790690066785233
7.008860394026913,7.8606053820577895,6.765268145455719,8.286763704303851
7.626617875097529,8.02415418867531,7.230677988805567,7.2724299047355965
7.33254379748476,7.687011762182232,7.219160540198075,-5.1691169134226875
7.0627287273437425,7.381315168973007,7.206667435875131,6.192687397028724
7.033876826945397,7.507142848167571,7.562162589678966,9.064872646462941
6.569579079973991,8.204666927203043,7.222020855326147,3.647434141652777
8.225148060905623,7.029351120344069,7.223595925152889,-8.254495656748468
6.991874646312332,7.769875971125751,6.885158431403346,3.5430568755788627
7.505994053152022,6.292167151684915,7.216014726842666,-5.065340497332949
7.220563070877303,6.9942533043939905,7.218972477625997,0.740781376055828
6.620086812953764,6.925752984911626,7.218382008076719,-12.80374564559136
6.997597924785054,7.635484612532417,7.261039626693621,-1.4380229754823413
8.567201079318346,7.521561310526953,7.2205406826192196,-1.903501029496809
7.619608128281194,8.009527021411023,7.219394153758801,1.9330322408915512
6.497204260831685,5.507460875746467,7.23036352232536,1.0670619826050654
6.971479799023571,6.535730427572227,7.216658248948834,10.508431624101387
8.292970217428378,8.176351487062421,7.2274091715125985,8.056178275839667
7.11049435813388,7.719555395730262,7.612176917718097,-1.166341527109641
6.770081596442654,6.892710519089494,7.226751296667296,-0.24570039742316307
6.868432581419595,5.445564511692233,7.2128207113619425,1.7732579991793394
8.000470377007002,7.21330621106951,7.2064755683946355,16.50892894777545
8.094870748730738,7.033518033565379,7.231759600093288,-16.34726943915195
7.4445379407648,6.506121870345215,7.236206150531976,10.94755035546008
3.437583604951232,4.915597100548501,5.9021139927773785,13.353604633483737
8.453184178052751,7.632487474010158,7.213811723543928,8.031547940551091
7.091331028848719,7.702464024527409,6.843358054885795,-2.8035321657204495
6.736699351871046,8.093915283265103,7.198563030084219,4.546291056141033
7.914071479574117,7.274704996293767,7.232853313880769,-0.15125048063539276
6.979513008082305,8.199533508476122,7.20626384449156,-11.669582137216196
7.8232175800637,6.944081107895749,7.228230848748727,9.558678681840066
6.996562148278731,7.781473105807489,7.32966372382467,-2.962249903264107
8.259784007188852,7.361820409456428,7.221405747824857,1.5495342692507292
7.9217029127759435,7.611630409164821,7.209820993263755,-3.027058139173878
7.018524038481244,7.62356484531555,7.830619551721393,18.61682824926738
3.476724033498103,4.209554627854647,6.1462741182553895,-3.9659249044940816
2.8579670334876717,6.638035582373596,6.015081308510882,-13.481144743630106
7.014931842526436,7.783819271204339,6.437252289746242,-1.4546330881956875
7.666451255907071,7.935667259169916,7.220111396307621,-5.415311491160196
7.792832157159041,5.697801781062356,7.212258383323907,1.6092057122683694
5.957551971831075,6.981253687362285,7.225279582331326,9.918677517462159
7.651771710260263,6.127336341948404,7.220765177884402,-15.975313159844
7.273442262196514,5.724943225615162,7.216093673817375,-3.7345548942109543
7.443481071775521,6.531598024768695,7.220055261954286,6.1162408305612885
7.880358883146065,6.327868464584293,7.225093023359447,-1.5215454690203503
7.1289591743654315,8.213542103014248,7.207042687934578,3.5188860151253922
7.028825928571143,7.656560797035122,8.46962681798767,-15.701795335448953
6.2302550569935065,7.511715930271616,7.228743935205998,10.634372634097382
3.2137391533494113,5.786793550006197,5.609909047148388,-11.646287062854856
6.96342626147662,7.875444813366078,7.20168686563321,-7.654635532389126
7.2823286406823815,7.794262548488849,6.877835621899264,-4.866221648654638
7.088975875876526,7.774882362959575,7.360464717847428,-8.641571758042891
7.065722019216904,7.734796376453163,7.677719384354051,-2.0308165986354947
8.242584164466066,7.886048612233083,7.208459394944505,9.634455944835723
8.268814525606919,8.266422894740332,7.2127222865594725,-7.120206686235907
6.983801724595439,7.683967209392815,6.569976352361688,-15.727698819326815
7.917013823639458,7.1353556782245375,7.230008887141779,3.493876653904021
7.683037305303702,7.787608230438473,7.223546702962785,7.116565263339407
7.303116846371411,7.708743044582864,6.262735750548442,-1.9350812877690013
7.04968997112557,7.7238714157100254,7.135708353671835,-6.108673124991119
7.08030451833687,7.940064400565286,6.44813652309727,-4.315308470952534
7.102650539038062,7.809859823844743,7.2099765167563765,9.150042570267079
7.033679783916174,7.878291787917281,7.213613214672118,13.08895494508922
7.3917349141228055,7.203525857860767,7.222424863425807,2.1010525676084804
5.768096721204835,5.705834575084477,7.223787921297271,2.1045501775906525
7.126810815051501,8.192716245037984,7.225894897628072,-10.814534007760594
6.1013191971405405,8.392003953738518,7.224759236794822,3.1015382629134542
7.102351509564844,7.709384655945396,6.251653072533059,5.081053935822753
7.120544354596513,5.354248066805017,7.211534704350107,-6.191818878043302
3.1729293297737082,5.640202104677431,5.995455866172358,9.948474726846397
7.104577334190581,7.779341561280118,7.270470934460586,-15.66679025254082
8.227623838680227,7.507045046933042,7.231815782633162,-5.834593204725309
7.061960666284627,7.592772926146641,7.677782853337036,-8.886686437334218
7.911980068332263,6.21517700363304,7.225130734899811,1.6880013121386583
7.1235246118831155,7.828792653377837,7.789500775470676,-4.610877878778893
7.51546861645805,8.0657627974816,7.21368567377616,-4.2817200477641215
7.078537195761682,7.467201876996772,6.81825221017881,-4.6216984450963166
7.133839243699972,7.793658923749273,7.748604192766124,6.484041408471159
6.627288615488228,7.744205993774343,7.220196751555487,-0.3908707258711579
6.671119926933282,7.339193373403524,7.22278195357226,17.159310646658987
7.059035594681476,6.426132358872584,7.197778225836633,-3.3184160656638815
3.966068738579507,5.8997896409507,5.877772683896374,8.158188004812416
7.528129702672619,7.072544137200644,7.224725056743508,2.779106513733721
7.8726883166995245,7.570190761677731,7.214146910164702,-18.267410860515632
7.149153300209349,6.967739915615575,7.220302441502629,-2.8216345714131332
7.836961969855413,7.51137386185435,7.210837999359124,-13.237223106583413
8.384626616153,8.19330035641921,7.216204988204801,-5.47755358523542
7.041614994508997,7.779154195128666,7.538968810875793,2.6241269586997715
7.128503827713086,5.668409882299779,7.216384669672045,6.284098582224867
7.126531311652705,7.718161880376508,6.0403293576025625,5.136116295912422
7.140883747656731,7.750934041004678,7.209256890947218,4.901627842145816
7.163177716096487,7.82030774636279,6.473220579505867,6.274734655016588
8.122343052898758,7.755344685856945,7.225219456318861,-1.962912773460639
6.917257838488078,7.500227618729606,7.448370320248538,7.022211386070923
7.024702649223131,7.827193669285371,7.488896543197323,10.60504224781926
7.766326746292094,7.496203676996092,7.2257244874027,1.6499806819689284
6.921490423807063,7.606285336098304,7.228784986480422,-3.3271768898208336
7.158366499757712,7.604380884717706,7.221009418056047,0.1066818091542554
7.14637484250684,7.671797840361917,7.460044738106845,5.662870560521023
7.087062510967616,6.127958044043979,7.224265124810134,0.0008037116472365824
7.20352501671929,7.720703536810894,6.150094337757691,-1.2904936027016838
8.015772146496808,6.570962114023913,7.221040340350661,18.358909922187454
8.568053874511202,7.479954016743148,7.218719302188475,4.602835358242813
6.450835445176643,7.291889076102267,7.216331530214681,-8.590125205519147
6.960869816550676,7.801193074618825,7.340447035336026,6.6872470730655005
7.992507766433382,6.62208837094688,7.224344095889921,5.090983445561406
6.995879777128186,7.655482804366243,6.759878500253988,14.875531949945088
6.996852782050571,6.252148222843738,7.208990613293638,13.268423694036015
8.553632560586864,7.579336847989453,7.220591117017178,7.124062822032029
6.411454870140026,7.934719364869523,7.2078191622064525,-0.21947024718687658
6.074850000579875,7.673835217609067,7.193233391179278,12.207304638694232
8.444342153588936,7.456428894222477,7.207242742877289,1.3857916691865855
7.005162164529547,8.05178073099994,7.221798025518245,6.635777953702116
8.51103917709173,7.672733868790738,7.2181460814736855,-6.898965649695684
6.823936701921956,8.079436418653527,7.218268944149933,0.11299055417634607
8.386393025482555,7.379627893565895,7.220415722700582,3.827964078819466
6.9988610134524105,7.795578172495068,7.209528209171246,14.7242763716091
7.065627791417235,7.653315452514827,7.574956171990914,-5.816373649265456
6.770846676626369,7.878616937432281,7.224321901551323,8.188187641355556
5.711898897701147,4.469914238678266,7.222282534407299,-12.145925216300789
7.127834556793523,7.810702926725754,6.46478641805756,-3.6145506001804
7.104407694335266,7.662892047587818,6.60095402090853,-2.128897647734081
6.992726132096474,7.842049719735811,7.048135384334485,10.032575681148177
6.56055533809866,5.735939484326012,7.219068521668154,6.079327561165929
6.953987403644409,6.152801290480632,7.241697935133082,7.781403454059105
7.062472266046932,7.703792090719471,7.3707896191598925,2.533212828252929
8.117526044433067,7.470029815538945,7.229542612708875,2.603566496237538
6.961141096824697,8.146088983884638,7.225613872432289,5.118508986378126
6.784460760634625,7.57897133001194,7.213160857559517,21.47628503965757
7.954634390238188,6.250720575372395,7.211366684870755,0.5592602819602568
7.933643821970239,6.471097496488092,7.216190825211079,7.578860258321821
8.07676360295156,7.962035652403676,7.218227487252621,14.010580223710503
7.182308226642011,7.625026465930287,6.959656065212363,12.81256908714726
6.8213748269843455,7.092855031507132,7.216537415766949,9.19894125952132
8.007410083299884,6.686769194466062,7.228719530542297,9.565791208912039
3.575725632863524,5.6318668129918725,5.848211045301983,-4.702353444475458
3.0337884153853754,5.120389693284737,6.405642613023075,7.936510118451234
7.527647318395226,6.782287977173373,7.20655284445719,-3.17900733950536
7.28807578061222,6.55124415733845,7.224999579791936,-20.1719025036144
8.516066968028321,6.89798055695693,7.228157059156215,5.841339576745334
7.00874454505706,7.582862397287865,6.931722076077538,5.692130836682839
7.266516671604643,6.760009238582884,7.206383329495637,4.318043146426255
2.5293576186653857,5.448630488056196,5.999225033347209,-13.728184287628356
6.6214430033457745,6.71365732179354,7.214006897224172,-2.7804749955221
7.838108594703926,7.640146598656047,7.219700881541253,3.113302649187222
8.205044151014757,6.243175166180024,7.228219485794848,3.5248888349432166
7.507285389028044,6.1269818438147485,7.226998709419049,5.744138262931292
7.063189926954252,7.77454905936875,7.475393369074779,5.68530899278442
7.1826835563733535,5.699010921072295,7.22074039342755,1.922523265012518
7.824676119786182,6.8590687483521995,7.234566477871674,5.398014233886222
7.06719310278089,7.647147563989101,7.544386036441203,-9.47080077589228
5.9284495377171,7.884299193155106,7.213840734925969,5.914688522432105
6.690530998118936,8.070884016158132,7.2310717574984045,-1.671667071724717
7.1387018114047205,7.6215144434584685,7.224217595091905,10.307837259237365
3.0359227963017466,5.72033088451491,5.891129972395619,-4.511191945350118
7.030886789191737,7.831330998707596,6.712964447618143,7.735276504701412
6.130580952562435,5.339544530635902,7.237424653077017,-3.685547370566682
7.009304436431992,7.808452365315657,6.352832415594915,-1.0488972578903275
7.229085166828624,6.792433106323969,7.23405334533623,-3.5432568047540265
7.163988534204768,7.779445930680234,6.770497695095468,11.051715788363772
7.683575042826137,7.79477134941083,7.204877735275385,-7.310235815701734
7.804814050342912,7.61273982923331,7.199769158913835,8.486795144954002
7.171745010130124,7.789896780548396,7.224208654677034,-7.024402349983749
7.056446594138493,7.842138763314692,6.580612505812967,-0.8434579026044169
7.8260901180780085,6.399821657242511,7.216670239312786,10.555382913064301
7.203036904123568,7.641717475924235,8.192231601115543,-6.571559806602478
8.104783297928568,7.822432887850814,7.227582404188314,-6.287371903113969
7.10281829566015,7.861855643472232,6.735595536913825,-8.295195880292125
5.675393310911204,6.303209655855153,7.222181990649134,-3.32366517452489
3.6507684449101228,4.421014291139456,5.55280757877255,4.544054480420126
8.228058287494855,7.060456472896253,7.22424972808209,-1.1568381409860369
6.982246479232589,7.9551734147258735,7.884958909697147,0.3444364623871141
7.610010529502262,7.3994311275057365,7.221496743001947,2.1639098126308607
8.117578111176396,6.1817801519833715,7.2147017857602656,2.825909459648913
3.1799937390909974,4.632134949613721,5.775195135309191,0.37055414423788324
6.59332612763263,6.794126147832158,7.199271283460298,4.904358416148996
7.217534189971729,7.67832295623575,7.924754949047599,3.796825575177567
3.5200730838087706,6.060920335313953,5.988185434175954,8.672988587421344
7.965791033149731,6.769543903314148,7.2246008834246025,2.251909923120523
6.894648765771538,7.6577799830052795,7.6764502486566935,0.5030950853480047
6.993861122570088,6.245132971841453,7.216019759508148,13.188401418691479
8.297322651639103,7.285284793567328,7.227215571305534,-10.17075963302986
7.049699448248184,7.6154318792595195,7.719900738117366,5.038488133780154
6.493679112956847,8.138553329196418,7.20660285611602,-5.882336039034879
3.1249194586071276,4.38380585050195,6.253410098792647,-6.418603609297318
6.9468179242347,7.841607119940922,7.253434591602485,4.043502127252011
7.086868173143557,7.640359627595847,7.734175643531456,1.7699963575078534
6.475378603470414,6.875688251817495,7.216919532421007,5.495187364549974
7.014192872886244,7.823622056303953,7.327873316178969,-2.5142578236448054
8.436012291677287,7.130061430629663,7.2189598851986965,-5.571505577237812
6.913853342962351,7.71937086746064,6.96762262521074,-4.905766518123064
7.173989771898202,7.734380342301773,6.654755077890943,8.075035651740578
6.96509204277208,8.081767976254008,7.2253046214051535,-10.175781634832124
8.053964868469787,8.286549427205717,7.221986691306694,5.1971187990408545
6.176105779467534,8.248995042184724,7.213490715716899,12.190212183241277
6.981241629856884,4.76541076188696,7.223225810740358,-5.68225717080255
8.704725898724876,7.200762776449146,7.228862441702188,-12.093446699335614
2.5763364954694477,5.177675528120987,6.276876530321338,-7.466998611781846
7.198383848799638,7.872962158936486,6.904881135941214,10.308408488423837
6.955240662419227,7.623006189434318,8.206145587992104,5.091599818720749
7.059567148187282,8.005602376387001,7.1470280539805815,7.161318843118333
3.267420727182878,4.515472306926987,5.925814779301104,-2.6568105104461948
6.41243543654009,6.963945159550013,7.223505311414801,2.284350273514434
7.040612195277338,5.626494115033493,7.228441441521933,-3.4377044316203937
7.260489469264954,5.957309118826399,7.220105663327712,6.342979455307535
6.933503473887617,5.22165159372269,7.213106754010507,6.1382537724775
8.163858511258415,6.117271680563842,7.23281917392251,1.3247281055997133
6.366439264522256,6.083803436485251,7.20018111775587,-1.2440841783842718
8.595942659808301,7.458322526972495,7.2241154031204395,4.091212105324873
2.840929283464876,4.959142163184377,6.086653174666556,-3.254636683495041
7.417138458036401,6.007912358716939,7.221997635957503,-10.145259814023223
7.135989972545518,7.700489801771146,7.608540741141501,1.501900712614972
6.950611045074,6.336436573959486,7.216104203787445,6.942803418941023
6.5175586853695044,7.704994217425332,7.2207977388744995,10.307609133943064
7.274054902210459,8.027679204443851,7.219820368023578,7.364186051794041
8.309538771340751,7.261975071421471,7.212421240383012,-7.702983814771645
6.9433210604633855,6.000151073100536,7.226148641895629,3.4439423990062377
7.085915715245065,7.789116672830877,7.664026466056034,-13.004086222862805
7.0770388364842765,7.60898627282476,7.879196258504797,-3.9522444067136933
7.092795198826073,7.696802532081042,6.547228022472333,-7.512408101248829
7.179529120005818,7.048067553177675,7.228010852281605,-7.652955473647708
7.0145993919591,7.907946443033614,6.9566450355125715,-14.820449876487537
7.101329947349489,7.648429333891644,6.851652121885924,-5.921925194346305
7.943504151033777,7.737271119284021,7.222540785612372,-3.9562760603256075
8.017474885115762,7.523036029565936,7.217599982584536,-6.362822172020101
6.998263574423003,6.701604532876388,7.233168262271884,-3.0797863711112967
8.565695590339883,6.991111584997563,7.238471501327282,6.49646557378236
6.925320714351951,7.850470538009286,8.081784761628544,-4.445773686097881
2.8976448468917906,4.829663115989076,6.582904099275342,-18.403844583996293
8.642658049801337,6.755627379951051,7.225606466798465,1.522612258693381
6.964822481477964,7.752343335755422,6.537397393840397,8.847066275168721
7.10360317549648,7.6912712035096105,6.989244054446445,2.4990887706376523
7.350852662801534,6.822602257641362,7.211021709872787,7.709713591298685
7.723119907727177,6.63528104192569,7.211466538165831,-2.1116841259429733
7.283868755839084,5.472925726992968,7.217638882121436,-15.533337539116703
6.938974156545898,4.745585366896307,7.235456299534392,-0.5055557175254193
7.664478597842572,8.220403595906875,7.21324678679963,2.8482420714614314
6.886113089906628,8.101982037966655,7.230646546855077,8.309593711456879
6.430609897839764,8.368795106694686,7.221892456231667,8.102039392067345
7.1112664623783965,7.843161120594665,7.051586887305892,4.906578237558051
7.601588119112734,8.304134726370854,7.211007502763832,-0.11814246628750125
7.554953450809331,5.645594843270507,7.238533005189115,0.5385640456029879
7.0486106005356195,7.725076290903657,7.93314007379732,-5.392940613498593
8.196593912538342,7.50816211142854,7.231586127377256,-5.805728599227154
7.058528460860006,7.580355029943186,6.793893637563167,-14.503859848878479
3.0587465444093582,5.006629332330763,6.086633051480008,-1.789736261369366
7.19110907304369,7.76849765673398,7.362592298941195,22.449222977060323
7.797445448871864,6.72721891326012,7.224884453942871,-8.609176819419904
6.929370352085537,6.877583677986363,7.215244426391112,15.195427530756117
7.1143704962152885,7.1020304212846606,7.225232095190888,17.908788254695544
7.809896501082369,6.821966795597438,7.212407483625263,-4.537344881644763
7.328870293147333,6.800393050951554,7.224387610220938,-0.5513461048976867
5.12337589599106,6.6437748131205066,7.2412239515077905,-6.150814638664961
6.948210582621132,7.666623709306132,7.771193575938277,0.40341138097674345
7.517495006199537,6.923652396097014,7.225629083928052,-9.638631064390323
2.9345563166663795,4.585582126433954,6.374781479966119,-1.2057056037808365
7.173656483185299,7.914994260965993,6.496179220986685,-6.9868140185177445
7.591326719626573,6.553991238062772,7.209998719047082,-1.428824816217304
3.757091097127983,5.571504226237095,6.133468047174077,4.6902182710569305
8.58871539453594,6.984149939185915,7.208886698461256,-1.1874200926825837
7.203168555200969,7.70386690636258,6.086888153893169,11.362109506957893
6.819597434855569,7.280515340458946,7.213273053027977,12.879997015815693
8.196032792218553,6.243780367400762,7.231447400315324,-13.451426265716076
7.21981264694173,6.702295089444195,7.221170131449932,-5.928223938809275
7.224363221897914,7.863913541383232,7.219911795779918,-1.00938544529718
7.037537830030545,7.69623761125796,6.642254220621755,-13.064774027876586
7.011620519028908,5.3143550039627385,7.23884993115627,1.9726616082832424
7.015789624673507,7.732891567576567,8.173527399433876,-2.2350534567898253
7.0559464081574665,7.6899934906752145,6.86940555804489,7.470737140968731
7.676432167578721,5.875202229832565,7.229977844571292,-3.1233555797633077
7.0109976398364315,7.888549776915947,7.285568701601882,15.31809571192967
7.16029905692882,7.733698634841153,6.445095227005327,8.051096332083457
7.0885986059694375,7.499768071330253,7.231046698956285,3.734093522620287
8.269275857508298,7.529768090247835,7.225096674177334,19.095082148982847
7.0378595680799245,8.025458887960284,7.169912974888103,3.1629113849887847
7.128232587394824,7.7372314699899185,7.185338535767664,10.64397755189889
8.21853840216796,7.923735555252382,7.210217842467792,-8.627137841040305
7.1916101658911105,8.286030999935495,7.218307502085784,1.1349647509448149
7.128636690753857,7.821485536950975,6.325169039799233,-0.20808946115732607
7.135746015165137,7.878169049356616,6.894076364139454,8.32029646248742
7.661226677957202,8.27448051637623,7.223372132973303,-6.114805829494037
8.357978806465121,6.803281788862338,7.228906107841978,-3.355646038862913
7.419971899059801,7.924806963784791,7.221899837510908,4.64808197492256
7.00345617773756,7.709890816818259,7.1566717803861675,-4.698748788410685
6.7387686832113864,6.38041334143788,7.209798002138353,8.809761302420757
6.843141063449646,6.622806225251201,7.222602281916404,-11.979109583962437
7.02727793193376,7.831187113336799,7.206048449968524,3.1532816685150933
7.302301473397346,7.642407631365616,7.220171402191999,14.406374886892115
8.29819961464777,6.725095430156317,7.217251241281088,3.57196582250465
6.922205969127991,7.678775607276808,7.286692358948347,-13.422676432931809
7.085783888392514,7.7206775337593845,7.281094948993837,-2.4873573302950973
7.014929020995957,7.727457034255214,7.720826772999742,-0.34405753971055963
3.715329078530343,4.450081370160161,5.620479258849146,-6.265871904176832
3.349841985154769,3.3904150269824083,6.801815509978932,12.452286929267657
7.019673066303411,4.868608689567303,7.214992475906684,4.903176450454466
8.380365304250116,8.167890736827735,7.220273819884975,1.2243026567095208
6.8545173306301015,7.895417437288486,7.706389338826541,5.861203954172061
7.19109517626649,7.124931263097857,7.217457893780693,-4.838397957842433
7.184002490111813,6.761745547250236,7.226498930309809,-1.2817152547754374
7.46466871755624,5.579276707123279,7.2321501038159575,-7.73126133564329
8.583524643071003,7.169397341732281,7.219264989225785,10.282533116062597
6.054312026533074,7.979849867256556,7.201767415932298,9.39838315853003
7.069017583499133,7.855848240783365,7.758219222204486,2.9903756077869588
7.9467820646957055,7.19511237481605,7.225067097772774,5.124002778674647
2.9413446674172117,6.2556023182324925,5.969143395388435,-11.659501363990195
8.21692690547056,6.513860689386823,7.205494457164323,6.171023051572551
7.065061971185834,7.850729197019579,7.656320808523177,1.0381622840407303
2.9231204711497227,6.085160386920529,6.239825416615055,7.3058849403076795
6.999993595985229,7.785210859641915,6.8321447967417495,5.162586165811524
7.0872582643716155,7.6950212985246935,8.064908072932699,-3.624429307775789
6.937739635083934,7.09635102375327,7.2312788351519925,-16.375068476357338
7.775876807001234,8.069853837595154,7.214067648760152,6.09111506457496
6.632768626354492,7.457842581301372,7.2092393079585255,14.422883990891108
6.648152658524902,7.125292420265736,7.208011759766056,-9.30495939987349
7.878402848347919,6.607983990330473,7.217637083525333,2.121559849887901
6.489417317369722,5.991268033376946,7.22999748700571,14.37696114030675
6.860805022861244,6.37035364353605,7.210920263240106,8.85473268861168
8.111792235385364,6.198815958145531,7.222584975772817,1.7296034397473896
8.51798355919641,6.602565588339645,7.230761126786007,21.687227996080143
7.204560238954123,7.6846545374999415,7.618532320020725,5.707611000266387
7.901602150070447,8.193510228369206,7.216318172902817,-11.247927823934047
7.728094000412594,7.921109055493984,7.213101797914952,-9.923249739036022
7.078348359220383,7.798981532802122,6.254980368120438,4.945151444677466
6.628843678524021,6.627260890331778,7.21152268192491,-3.906027247029578
7.809599899619175,6.460569915079323,7.23597349423762,-7.815840254902077
8.383426372569827,7.229475610600719,7.215164782107823,-4.4627327361467035
7.071179282581721,7.560747273977643,7.448774132641151,5.510722244535533
7.132469790628397,7.729961958084935,6.852036278024957,16.431268312359997
7.02891710508307,7.61497773027994,7.497852865912833,9.031138725937309
6.393000091935604,7.841470043498396,7.232174604988211,1.38830850371103
7.7656887429217605,7.769243465369937,7.221535107063212,0.29665133160307255
6.204504398261658,7.707383990215483,7.220200810907453,3.962688994503255
7.85595674895687,6.430248803697099,7.2040637181888325,-3.251607128737506
7.0551180333063215,7.825935366495876,7.7505638483539245,-0.30203028715656455
7.218562610867001,7.746322182507786,6.545770951890806,2.521957571758604
6.993439437968428,7.892236139740467,6.731893450453233,-9.291277369534045
7.057994197964381,7.889750488607733,7.246006632939266,0.9003224385742479
6.74527080408461,7.377297706116786,7.226911895374256,-12.01360426653681
7.105709430918408,7.839694236275831,6.545145227781067,9.995468801012336
7.053542796300384,7.686363881105639,7.732460513984295,1.0999276820459831
6.987626494678911,7.742720010487527,7.412906583628166,-1.7082724698907361
7.090735069748828,7.669287117020782,6.269116190521683,-3.8606303936059465
8.616704993443422,7.315721842914793,7.223421856397796,-3.4822691954209244
7.516109181876538,7.789805013926374,7.217165142579179,-6.018873000817228
7.4546074503284006,5.7688331153564505,7.2313913230958695,2.9114288787177656
3.2317219322187283,6.146023974809849,5.672389591066404,5.061915510551745
7.495806950452417,6.976624893004604,7.224572622799886,-9.058335900873802
6.930273718105752,7.7823061860974025,6.675349416150854,15.37034247405482
7.311907948452192,7.986645611744562,7.211907970897694,-10.032742174623504
7.448527328533808,6.500060098889321,7.221777441481002,0.9440362179984971
6.9957460388956925,7.9880951229429975,7.108459189938712,8.427896930229998
3.0076456179107818,4.557075703927367,5.967112010858953,-1.6931015330014767
6.587531184400598,7.881814738997928,7.2158737519385605,-1.7178895244581476
8.36375123732336,8.131937383633842,7.217240479507436,7.725937147355669
7.076299490189339,7.730139602366206,7.1077066349693085,4.024970152200025
6.510517994266609,6.139444948307375,7.217198991143518,-7.929905663654147
7.028302328879134,6.46108134329611,7.227242366853867,5.888786107637969
2.9483111021325086,5.344177488996503,5.8849031613556475,-4.360957013653464
8.260583568985357,6.4402200601082455,7.220281679965002,5.878334019537983
8.636353123494166,6.921950207146742,7.231149624952389,15.40053091795942
6.9993475366381634,5.5591643905776,7.224289621992733,12.055382486946074
8.123581809091322,7.806711702017852,7.227311678121083,13.356321913497819
8.682517940520194,7.3272751552750295,7.2151403970203924,5.529458350878213
2.4873352700610836,5.230142895822013,6.048972215578135,-25.94034452350221
6.936363649121635,7.772550269399382,6.833157762164917,10.935179416585871
8.254974954434418,7.149706666595661,7.23806672453832,-7.302284562882577
7.064734171497818,7.747532123816284,6.924551472540748,-2.132847565973944
7.905964235375263,6.931366927669957,7.221534672623868,-1.5683258106021902
6.959465726218879,7.611590262779848,7.757783775933115,1.048778403371419
7.6527056870755015,6.49563497112383,7.213128257712786,-10.690607732166901
7.746167160529615,6.9226634526936905,7.222887114888605,-0.4365122755390437
7.041666350549839,7.815674716367106,7.447976974659995,4.8076503550195175
7.286203714717695,5.877320116905656,7.224717818432678,-3.4841527456993173
7.1278630522794835,7.830727906811439,7.687633459947251,5.11180238869234
6.681144804538689,7.002043305781162,7.207143163518041,-7.351779479985885
8.415243214609298,6.4684024483901865,7.215740824916429,-1.8867159554572064
7.049234832742756,7.674304651681397,7.952814120484519,-16.553280643550295
6.986034690481079,7.67989024775529,7.619864975115722,-0.7475494368663371
6.774293910175487,6.741827375404769,7.221709531797898,4.779071593569065
7.002974249693599,7.89732023242933,7.4735325191632125,5.265160488141641
7.113113816836829,5.566477727813828,7.219371505012489,-2.4265188625933067
8.35519490333949,8.016921172710632,7.207095978092159,6.9032245708869215
6.593686179332136,8.175146131399195,7.216796702173046,6.489847975746393
7.061104175622573,7.782304919236106,6.954866570953011,12.77952527044112
4.198675450106082,4.289284516336045,5.423120280142008,-12.37046568854373
6.048018143781109,6.638228612901132,7.2086469185937645,8.33861898210023
7.122618121503947,7.820295911149656,7.217691368340836,-2.3714511108631715
7.426627945364526,7.536912287711405,7.215872061034129,3.2909330937625656
7.254852236966368,7.043978412820492,7.222141832042528,5.773954727856056
7.035121073054608,7.661932832104187,7.3686984741285935,4.768661920745188
6.757042464424828,7.8760687731391865,7.22108102658413,6.33466855477799
7.021073428039358,7.029710316849934,7.231372619826397,10.686047662323213
7.889917501491132,6.196869336685381,7.2331897963767515,-1.1994007313967314
8.344707167230508,7.447616961800321,7.2112153127057965,1.6376338410337055
7.104874772990711,7.751310355428742,6.28979717850145,3.4295830372967204
7.013576867764466,7.868923876265911,6.397333631039976,17.96355707303596
8.242680814017893,7.895427558174801,7.221028062156536,-13.410471633056154
8.210311528564823,6.543551572682999,7.229446200717252,-0.9061941899026025
8.590923511449589,7.17620048647836,7.207128796814324,-7.068759492898591
6.958884502957723,7.928810275170829,7.2720563723717095,-1.7243163884672263
7.082342286543925,7.738511158407623,7.011261709396705,12.94329239134542
7.15845677647354,7.859006867914454,7.231027073846183,0.10980706994138933
7.1450097048668635,7.467427415298165,7.117445254508039,11.854184050769328
8.275545364790942,7.940373683443933,7.207464381555005,13.520829271088273
6.7603682093168,7.551779071799709,7.2220005960177875,22.8697818145811
7.872203492660884,6.031049981357061,7.219526020294678,-4.853484363953683
7.001982784213164,7.7704173510387164,8.053275565203657,11.352322900987263
6.997119401193965,7.79917386616921,6.249268624708673,3.473509444094716
8.436825435613404,6.958964513905391,7.229731180373555,14.505476378113432
6.957635115340716,7.711145983901262,7.786030527650026,11.899206808486301
3.265900700815628,6.376092018629539,6.225136229261467,-3.1111773723081724
7.032464919385789,7.745369500927937,6.786480144340949,5.179829648766996
8.595156204173154,7.634506737940421,7.233649212489451,2.6331581696554345
6.968704870214471,7.640088043010605,7.4482777200028485,8.439702244136406
3.4183208140582884,4.034034520863697,5.963488792164975,-18.551846306897023
7.227952061540894,6.818086596818571,7.229375264354378,1.0916891345611663
5.657139035643633,5.982377848564948,7.19890432219832,-2.55477281362518
7.921843488353691,7.122086234982688,7.212817368518128,7.083174257606952
8.226459803869586,8.043999383661479,7.235362448831236,-11.954505107101296
8.344883216631338,8.01775660272039,7.209576837083911,11.185185080100103
7.939875578865676,5.939294986445725,7.208891223661201,-4.019744275060924
7.004270403046044,7.73709343436512,6.673679878745155,-14.549985125776358
6.442817923353827,6.501723694077651,7.218917838611232,-4.235579978784628
7.09784844226167,7.0573158324614385,7.23453485440575,17.179671545580447
7.156482971118948,8.288021645975451,7.19756877131828,14.504921211656695
8.214511688989113,6.595210399928536,7.225067595225888,-8.931127226426428
8.222955269581377,6.4697974013118245,7.2269987219320395,-6.057388970953453
7.21249987230181,7.785432198428468,6.927919771638969,-7.326399746963739
5.8637500857030025,6.9182362999351135,7.216338300382389,2.9518961571789024
6.241320958905844,8.320220759629322,7.236102002546535,1.1886529614851042
3.703104590062553,5.313622761381205,5.526615106899821,0.5826094199681067
6.008202324789845,7.018958785157602,7.234849816979013,-12.678827792971028
3.490640957092456,5.797097490640032,5.476208064344094,-3.7294608168814545
7.67117150971584,6.984665486647028,7.233701420170443,10.918299842170855
3.04833305503017,4.297067769362085,6.4109501853146655,-3.387007823377165
7.549134336210939,8.139169632874726,7.219161636094835,-8.222575912949672
6.867789311553419,7.719510045428087,7.9706519391139,10.133865609249243
7.125442679102532,7.775077396329673,6.847535678936057,0.46919360997691983
7.0240438793543865,7.683044404740967,8.076103933549511,-3.0646999034458404
6.917866751510887,7.110611487970297,7.225532334957989,-21.168319533012237
7.054944131778806,7.749083503123989,6.6547905987508065,-3.697551729759872
3.5072525355613493,5.726164263205488,5.78921129321045,1.492469897509957
7.140316102671333,7.579250151911932,6.621339548199691,-13.486864067940937
6.467396462997634,8.33653586023429,7.221083861910122,-7.942657314804549
7.402252109410619,6.625755316760287,7.229133831266413,-1.6510541327070745
3.0530758013897072,5.063051545729066,6.280360356031753,9.895817970612947
7.710864499576124,7.839714669053585,7.216091028744341,-2.043809684758308
6.912062084886682,7.4422213560945885,7.2088492321310085,3.9338772583640083
7.160869021133009,7.830007924018182,7.240209949852013,-5.037751688609714
3.1267036412766434,5.683289429279814,6.35254125795605,-0.5107284724713921
7.103699461897531,7.8900740482901055,6.8805677861118335,2.5814667043587662
6.945605650621166,6.267168364183524,7.205834829491324,-10.929038058894239
7.033152903381418,7.906174255364133,7.221304536317927,8.299363462768866
7.002345654751167,7.889078676314345,6.569467356850672,-1.5885951839542258
7.123637723693299,5.087688759778388,7.219811944203027,4.610749721393721
6.936640365019478,7.755756807762119,7.03574113946437,-0.9260351195156984
2.7636914655922946,4.767354130648065,6.1039392689028364,2.5988271387799413
6.970763042151451,7.592756825271353,6.872677051189378,11.804670108630745
5.669438908867247,7.276297131035046,7.210812857438206,-1.4361772901073113
6.326861460700069,5.923316648432514,7.216079895464671,8.368983342868153
7.0381323813768315,7.80716321315671,7.088533185463535,3.7686506217696176
7.110473595155693,7.812384681693448,7.614995324173805,19.20662512900094
8.575184354448576,7.565451675368681,7.235028375575583,-5.607373903673747
8.124710875995914,6.7313642148272175,7.228891058758658,2.2938810278012416
6.810768485875882,6.055887360256573,7.212408777301957,-1.5960981975651896
7.7054506737889925,7.231696808932972,7.220436223626576,-4.656444829861138
7.266337203415602,7.821330589154998,7.226538624607945,3.169430512136497
7.302570033104566,7.323901228013934,7.223005082220225,1.6410907826915602
7.007414584206806,7.686904941272623,6.864225573371234,7.748001543372775
7.325441677906069,6.565452853558231,7.229346084480087,-2.391265581137512
6.122882334825542,8.045811806082911,7.216786336936115,2.8927755724850615
7.114236264106058,7.640156263368396,7.821399726441109,1.6593365950374572
7.114914856908483,7.474875059807835,8.004692620047168,-5.558971702770902
8.10913074287558,7.122216460305312,7.219938130999934,-14.670927656606304
7.165389775147977,7.673752205490577,6.667491583114197,-8.030231331333963
7.25482180501141,6.980068155592873,7.231331590052407,-2.2960812832582507
3.423796232371636,4.417519044007738,5.862972711459711,7.417890097795443
6.134273515892986,8.377598664939462,7.213220982755191,-9.189154714554988
7.801612770729871,8.230448785373191,7.221321408206999,-1.661322915510913
6.991804749436335,7.601561630078304,6.58252849086815,8.840176691947597
7.033464442721495,7.562057204981622,7.9924529079179045,-4.538897167005889
7.073380823081672,7.77210649466818,6.9099252654509495,-8.397553941185102
7.045329017249901,7.688590760435847,8.166956295115805,-3.3998971069098674
7.31691387152516,6.362238430692515,7.225147822880365,0.20984879525951938
2.7961461114199233,6.471399427813717,5.858028857603094,6.899165630477531
8.645253074892862,7.225892097325357,7.20787205023808,-10.011086446241121
6.774798421033166,5.476453258679525,7.210531477814792,-0.879986429341725
7.100405011352304,7.735802032722538,7.363425736694387,2.8123986352023733
7.010086568682149,7.79367060829033,6.750430863735241,7.316252720446139
8.536878672691081,7.1764242495587744,7.195561671542314,-10.362962054229353
7.558985050524515,7.677673606602811,7.230030417188475,8.061094702439732
7.4447078401447975,5.681658006753454,7.237870280012019,-8.058550451943779
7.03987304817553,7.896839025708678,7.220400119623168,7.751105688541988
7.071558098637613,7.690795998677223,7.535797728010833,-12.921512277815145
6.288607604937365,7.912056536637641,7.2277737877830655,4.73552939681674
7.028932787241297,7.763545873470548,7.517901563715257,20.303191629103843
6.209227836108329,5.756152035812183,7.223645078896076,10.991287901304943
8.398668889454312,7.35096147321979,7.248398446890702,-3.649821294663108
8.21990041229437,6.579041369096462,7.22460340054574,-7.007765247422967
8.417767124181758,6.4809366944074025,7.211522501857533,-16.800750502292033
8.343400336049235,8.163193184552593,7.2189233485210345,1.631965739672514
7.0314427316916746,8.065519030178203,7.283220948563959,4.128083896375794
7.087128293431175,7.656217977287363,7.218136504529636,6.709076354218334
7.106835643928592,7.547540989210654,7.637609159547443,-6.379881683824491
8.360003177351253,7.947206759457349,7.208533183934082,-12.400766897484976
7.7411636165808275,8.19803410331557,7.231776193553405,-9.232411596940613
6.890713932564543,7.843692175632047,7.649479511184012,-12.140557896155897
6.346497213970036,6.268535612758338,7.219301630323965,9.788994513163942
7.948839944557469,6.965155639407841,7.230567486280803,7.307406109456954
2.782378895188272,5.110767304345344,6.585073938261299,-13.705801560061948
3.015861472207704,4.916238537796261,6.161869124030367,7.993783589499152
7.053124683709424,7.763162435865006,6.742316141023126,-6.092874680202268
7.839202784781691,7.370722958729909,7.216765874816809,-2.4208599804587756
7.10942170969846,7.731735025864719,7.010133876881624,-0.9995381120111868
7.130186268125912,7.613850265965836,7.206788669039268,16.386390909240816
8.64611141631503,7.433555356888296,7.2336592516466665,-4.909573080794494
7.917263232486436,7.449003446773083,7.225231150602141,-1.8102805468632641
7.112896347907261,7.615389531864593,7.091843925600269,8.807848092787921
7.000017437971818,7.683997840819974,7.635403872602131,17.698656762062623
3.500342536171076,5.494764858631556,5.574757793190058,14.084130247931917
6.978218907181178,7.7199299281939835,7.86209324604001,0.7389233142531471
7.755189395534896,5.675316135008459,7.23154267427461,-1.0199927004401717
8.435887972748457,7.997913582612554,7.217164859909682,10.600982755240333
6.093543150568156,4.998077510583643,7.229505452950779,-9.920928391236895
8.030795621169707,6.8982999310077115,7.224659960827578,12.116218368268896
8.41951577142502,7.532494323199342,7.225987580455293,-10.292718934395715
8.15346647872565,6.3340217589489125,7.216090687636375,-1.5829344680871336
7.1546667352066455,7.813311180244253,7.1228063526527485,2.88937106868811
6.916699883201231,6.630592549457861,7.217247044198525,-3.0059537099496945
6.9040030080116335,5.930894519027533,7.220892745133459,-1.3231693040217558
7.334192214890361,6.46949760462055,7.223329643129722,5.9791104633908345
6.991233195779745,7.830239912131125,7.791825577194117,-4.880111067505347
7.691876625919091,6.596799377755273,7.2112878741616075,-15.660660186364932
7.3710238891731725,6.782938267341973,7.212929194769665,-11.101858116218043
7.132120176602558,7.90454280112924,7.161162094397272,-11.846653405085906
6.840153683036453,6.583801781346436,7.230067500617459,-2.9231159707898273
7.920900004903589,7.831527939761721,7.216779652871372,-1.6639017375154994
7.426231680021663,6.945571282978273,7.217079789055673,3.198835315974531
8.019707718346675,7.585372200025838,7.204249395587398,-1.5541843934456754
7.109219368230909,7.905007032668155,7.364275001673893,-5.51875359578452
7.924517403042103,7.53294886864474,7.231619148615879,5.469068948773447
7.065451630008718,7.820220471933827,8.005430150915174,5.753026457011615
7.465621819466174,7.974120346998794,7.2273552220177635,-9.524007276655771
7.019163113145473,7.847245907696519,6.975480800515532,-9.08861985691901
7.289879095493026,6.987102048834686,7.204079405442169,11.970179940443494
7.440286741961923,7.805725365762154,7.225812789669554,8.678104003688212
6.055752106738902,7.550315517518228,7.214290033901685,16.6938939704888
7.121576255656816,7.764389333003247,8.025049069314788,0.21226700535936652
8.508382870263267,7.520837871787439,7.207392163896589,-3.175197948132181
6.9500523905947045,8.161524242127676,7.213261878315194,8.488659999404177
6.9028001358523765,7.700038329712568,7.5430060319864465,5.801669298761926
